<?xml version="1.0" encoding="utf-8"?>
<!--/281051/939715/2.50/3/4/Variable Resistor/-->
<quadcept_library>
  <setting unit="mil" />
  <textstyle name="Default" height="47.244094488189" strokewidth="7.8740157480315" charwidth="47.244094488189" />
  <textstyle name="Dimension" height="19.6850393700787" strokewidth="0" charwidth="19.6850393700787" />
  <textstyle name="H127W0635TH00762" height="50" strokewidth="3" charwidth="25" />
  <textstyle name="H15W15TH02" height="59.0551181102362" strokewidth="7.8740157480315" charwidth="59.0551181102362" />
  <padstyle name="c210_h140" surface="False" plated="True" isvia="False" nopaste="True" nomask="True" complex="False" holesize="55.11811023622">
    <padshape layer="TOP" shape="round" width="82.67716535433" height="82.67716535433" />
    <padshape layer="TOP_SOLDER_MASK" shape="round" width="90.551181102361" height="90.551181102361" />
    <padshape layer="INNER" shape="round" width="82.67716535433" height="82.67716535433" />
    <padshape layer="BOTTOM" shape="round" width="82.67716535433" height="82.67716535433" />
    <padshape layer="BOTTOM_SOLDER_MASK" shape="round" width="90.551181102361" height="90.551181102361" />
  </padstyle>
  <padstyle name="s210_h140" surface="False" plated="True" isvia="False" nopaste="True" nomask="True" complex="False" holesize="55.11811023622">
    <padshape layer="TOP" shape="square" width="82.67716535433" height="82.67716535433" />
    <padshape layer="TOP_SOLDER_MASK" shape="square" width="90.551181102361" height="90.551181102361" />
    <padshape layer="INNER" shape="square" width="82.67716535433" height="82.67716535433" />
    <padshape layer="BOTTOM" shape="square" width="82.67716535433" height="82.67716535433" />
    <padshape layer="BOTTOM_SOLDER_MASK" shape="square" width="90.551181102361" height="90.551181102361" />
  </padstyle>
  <footprint name="P160KN0QC15B10K" originx="0" originy="0" pickpointx="0" pickpointy="0">
    <pcbpin number="1" name="1" style="s210_h140" originx="0" originy="-0" rotation="90" />
    <pcbpin number="2" name="2" style="c210_h140" originx="0" originy="196.85039370078" rotation="90" />
    <pcbpin number="3" name="3" style="c210_h140" originx="0" originy="393.70078740157" rotation="90" />
    <line layer="TOP_ASSEMBLY" originx="-224.40944881889" originy="-137.79527559055" endx="149.6062992126" endy="-137.79527559055" width="7.8740157480314" />
    <line layer="TOP_ASSEMBLY" originx="149.6062992126" originy="-137.79527559055" endx="149.6062992126" endy="531.49606299212" width="7.8740157480314" />
    <line layer="TOP_ASSEMBLY" originx="149.6062992126" originy="531.49606299212" endx="-224.40944881889" endy="531.49606299212" width="7.8740157480314" />
    <line layer="TOP_ASSEMBLY" originx="-224.40944881889" originy="531.49606299212" endx="-224.40944881889" endy="-137.79527559055" width="7.8740157480314" />
    <line layer="TOP_ASSEMBLY" originx="149.6062992126" originy="324.8031496063" endx="405.51181102362" endy="324.8031496063" width="7.8740157480314" />
    <line layer="TOP_ASSEMBLY" originx="405.51181102362" originy="324.8031496063" endx="405.51181102362" endy="68.897637795275" width="7.8740157480314" />
    <line layer="TOP_ASSEMBLY" originx="405.51181102362" originy="68.897637795275" endx="149.6062992126" endy="68.897637795275" width="7.8740157480314" />
    <line layer="TOP_ASSEMBLY" originx="149.6062992126" originy="68.897637795275" endx="149.6062992126" endy="324.8031496063" width="7.8740157480314" />
    <line layer="TOP_ASSEMBLY" originx="405.51181102362" originy="314.96062992126" endx="740.15748031495" endy="314.96062992126" width="7.8740157480314" />
    <line layer="TOP_ASSEMBLY" originx="740.15748031495" originy="314.96062992126" endx="740.15748031495" endy="78.740157480314" width="7.8740157480314" />
    <line layer="TOP_ASSEMBLY" originx="740.15748031495" originy="78.740157480314" endx="405.51181102362" endy="78.740157480314" width="7.8740157480314" />
    <line layer="TOP_ASSEMBLY" originx="405.51181102362" originy="78.740157480314" endx="405.51181102362" endy="314.96062992126" width="7.8740157480314" />
    <line layer="TOP_SILKSCREEN" originx="-224.40944881889" originy="531.49606299212" endx="149.6062992126" endy="531.49606299212" width="3.9370078740157" />
    <line layer="TOP_SILKSCREEN" originx="149.6062992126" originy="531.49606299212" endx="149.6062992126" endy="-137.79527559055" width="3.9370078740157" />
    <line layer="TOP_SILKSCREEN" originx="149.6062992126" originy="-137.79527559055" endx="-224.40944881889" endy="-137.79527559055" width="3.9370078740157" />
    <line layer="TOP_SILKSCREEN" originx="-224.40944881889" originy="-137.79527559055" endx="-224.40944881889" endy="531.49606299212" width="3.9370078740157" />
    <line layer="TOP_PLACE_BOUND" originx="-263.77952755905" originy="570.86614173228" endx="779.52755905511" endy="570.86614173228" width="3.9370078740157" />
    <line layer="TOP_PLACE_BOUND" originx="779.52755905511" originy="570.86614173228" endx="779.52755905511" endy="-177.16535433071" width="3.9370078740157" />
    <line layer="TOP_PLACE_BOUND" originx="779.52755905511" originy="-177.16535433071" endx="-263.77952755905" endy="-177.16535433071" width="3.9370078740157" />
    <line layer="TOP_PLACE_BOUND" originx="-263.77952755905" originy="-177.16535433071" endx="-263.77952755905" endy="570.86614173228" width="3.9370078740157" />
  </footprint>
  <symbol name="P160KN-0QC15B10K" originx="0" originy="0">
    <line originx="200" originy="100" endx="700" endy="100" width="0" />
    <line originx="700" originy="-300" endx="700" endy="100" width="0" />
    <line originx="700" originy="-300" endx="200" endy="-300" width="0" />
    <line originx="200" originy="100" endx="200" endy="-300" width="0" />
    <sympin number="1" originx="200" originy="-200" rotation="180" length="100" width="7.8740157480315" flipped="False">
      <text name="pinname" originx="230" originy="-200" style="Default" rotation="0" justify="left" flipped="False" hidden="False" data="CCW" />
      <text name="pindes" originx="140" originy="-180" style="Default" rotation="0" justify="lowerright" flipped="False" hidden="False" data="1" />
    </sympin>
    <sympin number="2" originx="200" originy="-100" rotation="180" length="100" width="7.8740157480315" flipped="False">
      <text name="pinname" originx="230" originy="-100" style="Default" rotation="0" justify="left" flipped="False" hidden="False" data="S" />
      <text name="pindes" originx="140" originy="-80" style="Default" rotation="0" justify="lowerright" flipped="False" hidden="False" data="2" />
    </sympin>
    <sympin number="3" originx="200" originy="0" rotation="180" length="100" width="7.8740157480315" flipped="False">
      <text name="pinname" originx="230" originy="0" style="Default" rotation="0" justify="left" flipped="False" hidden="False" data="CW" />
      <text name="pindes" originx="140" originy="20" style="Default" rotation="0" justify="lowerright" flipped="False" hidden="False" data="3" />
    </sympin>
  </symbol>
  <component name="P160KN-0QC15B10K" designatorprefix="VR" height="649.60629921259" footprint="P160KN0QC15B10K">
    <comppin designator="1" sympin="1" pinswap="0" gateswap="0" gate="1" group="1" side="" type="Any" name="CCW" />
    <comppin designator="2" sympin="2" pinswap="0" gateswap="0" gate="1" group="1" side="" type="Any" name="S" />
    <comppin designator="3" sympin="3" pinswap="0" gateswap="0" gate="1" group="1" side="" type="Any" name="CW" />
    <attached_symbol gate="1" name="P160KN-0QC15B10K" />
    <pinmap designator="1" footprintpin="1" />
    <pinmap designator="2" footprintpin="2" />
    <pinmap designator="3" footprintpin="3" />
    <text name="Datasheet" originx="0" originy="0" style="Default" rotation="0" justify="" flipped="False" hidden="True" data="https://datasheet.datasheetarchive.com/originals/distributors/Datasheets-DGA21/91824.pdf" />
    <text name="Description" originx="0" originy="0" style="Default" rotation="0" justify="" flipped="False" hidden="True" data="Potentiometers 16mm Rotary Panel Potentiometer" />
    <text name="Manufacturer_Name" originx="0" originy="0" style="Default" rotation="0" justify="" flipped="False" hidden="True" data="TT Electronics" />
    <text name="Manufacturer_Part_Number" originx="750" originy="200" style="Default" rotation="0" justify="left" flipped="False" hidden="False" data="P160KN-0QC15B10K" />
    <text name="Mouser Part Number" originx="0" originy="0" style="Default" rotation="0" justify="" flipped="False" hidden="True" data="858-P160KN-0QC15B10K" />
    <text name="Mouser Price/Stock" originx="0" originy="0" style="Default" rotation="0" justify="" flipped="False" hidden="True" data="https://www.mouser.co.uk/ProductDetail/BI-Technologies-TT-Electronics/P160KN-0QC15B10K?qs=%252BUYXD5bnyXowj%252Bd8P32cNw%3D%3D" />
    <text name="Arrow Part Number" originx="0" originy="0" style="Default" rotation="0" justify="" flipped="False" hidden="True" data="P160KN-0QC15B10K" />
    <text name="Arrow Price/Stock" originx="0" originy="0" style="Default" rotation="0" justify="" flipped="False" hidden="True" data="https://www.arrow.com/en/products/p160kn-0qc15b10k/bi-technologies" />
  </component>
</quadcept_library>
