<?xml version="1.0" encoding="utf-8"?>
<!--/11415157/939715/2.50/3/4/Variable Resistor/-->
<quadcept_library>
  <setting unit="mil" />
  <textstyle name="Default" height="47.244094488189" strokewidth="7.8740157480315" charwidth="47.244094488189" />
  <textstyle name="Dimension" height="19.6850393700787" strokewidth="0" charwidth="19.6850393700787" />
  <textstyle name="H127W0635TH00762" height="50" strokewidth="3" charwidth="25" />
  <textstyle name="H15W15TH02" height="59.0551181102362" strokewidth="7.8740157480315" charwidth="59.0551181102362" />
  <padstyle name="c198_h132" surface="False" plated="True" isvia="False" nopaste="True" nomask="True" complex="False" holesize="51.968503937007">
    <padshape layer="TOP" shape="round" width="77.952755905511" height="77.952755905511" />
    <padshape layer="TOP_SOLDER_MASK" shape="round" width="85.826771653542" height="85.826771653542" />
    <padshape layer="INNER" shape="round" width="77.952755905511" height="77.952755905511" />
    <padshape layer="BOTTOM" shape="round" width="77.952755905511" height="77.952755905511" />
    <padshape layer="BOTTOM_SOLDER_MASK" shape="round" width="85.826771653542" height="85.826771653542" />
  </padstyle>
  <padstyle name="s198_h132" surface="False" plated="True" isvia="False" nopaste="True" nomask="True" complex="False" holesize="51.968503937007">
    <padshape layer="TOP" shape="square" width="77.952755905511" height="77.952755905511" />
    <padshape layer="TOP_SOLDER_MASK" shape="square" width="85.826771653542" height="85.826771653542" />
    <padshape layer="INNER" shape="square" width="77.952755905511" height="77.952755905511" />
    <padshape layer="BOTTOM" shape="square" width="77.952755905511" height="77.952755905511" />
    <padshape layer="BOTTOM_SOLDER_MASK" shape="square" width="85.826771653542" height="85.826771653542" />
  </padstyle>
  <footprint name="PDB181K220K104B" originx="0" originy="0" pickpointx="0" pickpointy="0">
    <pcbpin number="1" name="1" style="s198_h132" originx="0" originy="0" rotation="90" />
    <pcbpin number="2" name="2" style="c198_h132" originx="0" originy="196.85039370078" rotation="90" />
    <pcbpin number="3" name="3" style="c198_h132" originx="0" originy="393.70078740157" rotation="90" />
    <line layer="TOP_ASSEMBLY" originx="-232.28346456693" originy="484.25196850393" endx="141.73228346457" endy="484.25196850393" width="7.8740157480314" />
    <line layer="TOP_ASSEMBLY" originx="141.73228346457" originy="484.25196850393" endx="141.73228346457" endy="-90.551181102361" width="7.8740157480314" />
    <line layer="TOP_ASSEMBLY" originx="141.73228346457" originy="-90.551181102361" endx="-232.28346456693" endy="-90.551181102361" width="7.8740157480314" />
    <line layer="TOP_ASSEMBLY" originx="-232.28346456693" originy="-90.551181102361" endx="-232.28346456693" endy="484.25196850393" width="7.8740157480314" />
    <line layer="TOP_PLACE_BOUND" originx="-271.65354330708" originy="523.62204724409" endx="968.50393700786" endy="523.62204724409" width="3.9370078740157" />
    <line layer="TOP_PLACE_BOUND" originx="968.50393700786" originy="523.62204724409" endx="968.50393700786" endy="-129.92125984252" width="3.9370078740157" />
    <line layer="TOP_PLACE_BOUND" originx="968.50393700786" originy="-129.92125984252" endx="-271.65354330708" endy="-129.92125984252" width="3.9370078740157" />
    <line layer="TOP_PLACE_BOUND" originx="-271.65354330708" originy="-129.92125984252" endx="-271.65354330708" endy="523.62204724409" width="3.9370078740157" />
    <line layer="TOP_ASSEMBLY" originx="141.73228346457" originy="334.64566929133" endx="929.13385826771" endy="334.64566929133" width="7.8740157480314" />
    <line layer="TOP_ASSEMBLY" originx="929.13385826771" originy="334.64566929133" endx="929.13385826771" endy="59.055118110235" width="7.8740157480314" />
    <line layer="TOP_ASSEMBLY" originx="929.13385826771" originy="59.055118110235" endx="141.73228346457" endy="59.055118110235" width="7.8740157480314" />
    <line layer="TOP_SILKSCREEN" originx="-55.11811023622" originy="484.25196850393" endx="141.73228346457" endy="484.25196850393" width="3.9370078740157" />
    <line layer="TOP_SILKSCREEN" originx="141.73228346457" originy="484.25196850393" endx="141.73228346457" endy="-90.551181102361" width="3.9370078740157" />
    <line layer="TOP_SILKSCREEN" originx="141.73228346457" originy="-90.551181102361" endx="-55.11811023622" endy="-90.551181102361" width="3.9370078740157" />
    <line layer="TOP_SILKSCREEN" originx="-55.11811023622" originy="484.25196850393" endx="-232.28346456693" endy="484.25196850393" width="3.9370078740157" />
    <line layer="TOP_SILKSCREEN" originx="-232.28346456693" originy="484.25196850393" endx="-232.28346456693" endy="-90.551181102361" width="3.9370078740157" />
    <line layer="TOP_SILKSCREEN" originx="-232.28346456693" originy="-90.551181102361" endx="-55.11811023622" endy="-90.551181102361" width="3.9370078740157" />
  </footprint>
  <symbol name="PDB181-K215K-104B" originx="0" originy="0">
    <line originx="200" originy="100" endx="800" endy="100" width="0" />
    <line originx="800" originy="-300" endx="800" endy="100" width="0" />
    <line originx="800" originy="-300" endx="200" endy="-300" width="0" />
    <line originx="200" originy="100" endx="200" endy="-300" width="0" />
    <sympin number="1" originx="200" originy="-200" rotation="180" length="100" width="7.8740157480315" flipped="False">
      <text name="pinname" originx="230" originy="-200" style="Default" rotation="0" justify="left" flipped="False" hidden="False" data="CCW" />
      <text name="pindes" originx="140" originy="-180" style="Default" rotation="0" justify="lowerright" flipped="False" hidden="False" data="1" />
    </sympin>
    <sympin number="2" originx="200" originy="-100" rotation="180" length="100" width="7.8740157480315" flipped="False">
      <text name="pinname" originx="230" originy="-100" style="Default" rotation="0" justify="left" flipped="False" hidden="False" data="WIPER" />
      <text name="pindes" originx="140" originy="-80" style="Default" rotation="0" justify="lowerright" flipped="False" hidden="False" data="2" />
    </sympin>
    <sympin number="3" originx="200" originy="0" rotation="180" length="100" width="7.8740157480315" flipped="False">
      <text name="pinname" originx="230" originy="0" style="Default" rotation="0" justify="left" flipped="False" hidden="False" data="CW" />
      <text name="pindes" originx="140" originy="20" style="Default" rotation="0" justify="lowerright" flipped="False" hidden="False" data="3" />
    </sympin>
  </symbol>
  <component name="PDB181-K215K-104B" designatorprefix="VR" height="649.60629921259" footprint="PDB181K220K104B">
    <comppin designator="1" sympin="1" pinswap="0" gateswap="0" gate="1" group="1" side="" type="Any" name="CCW" />
    <comppin designator="2" sympin="2" pinswap="0" gateswap="0" gate="1" group="1" side="" type="Any" name="WIPER" />
    <comppin designator="3" sympin="3" pinswap="0" gateswap="0" gate="1" group="1" side="" type="Any" name="CW" />
    <attached_symbol gate="1" name="PDB181-K215K-104B" />
    <pinmap designator="1" footprintpin="1" />
    <pinmap designator="2" footprintpin="2" />
    <pinmap designator="3" footprintpin="3" />
    <text name="Datasheet" originx="0" originy="0" style="Default" rotation="0" justify="" flipped="False" hidden="True" data="https://www.mouser.com/datasheet/2/54/PDB18-1013655.pdf" />
    <text name="Description" originx="0" originy="0" style="Default" rotation="0" justify="" flipped="False" hidden="True" data="PANEL CONTROL - 17MM-ST-CARBON" />
    <text name="Manufacturer_Name" originx="0" originy="0" style="Default" rotation="0" justify="" flipped="False" hidden="True" data="Bourns" />
    <text name="Manufacturer_Part_Number" originx="850" originy="200" style="Default" rotation="0" justify="left" flipped="False" hidden="False" data="PDB181-K215K-104B" />
    <text name="Mouser Part Number" originx="0" originy="0" style="Default" rotation="0" justify="" flipped="False" hidden="True" data="652-PDB181-K215K104B" />
    <text name="Mouser Price/Stock" originx="0" originy="0" style="Default" rotation="0" justify="" flipped="False" hidden="True" data="https://www.mouser.co.uk/ProductDetail/Bourns/PDB181-K215K-104B?qs=gZXFycFWdAN%2FSIUM%252BvBwGA%3D%3D" />
    <text name="Arrow Part Number" originx="0" originy="0" style="Default" rotation="0" justify="" flipped="False" hidden="True" data="" />
    <text name="Arrow Price/Stock" originx="0" originy="0" style="Default" rotation="0" justify="" flipped="False" hidden="True" data="" />
  </component>
</quadcept_library>
